02/01/2017 02:00:00 +00:00,23:22:00,1.05155,1.0523,1.04496,1.04871,0
03/01/2017 02:00:00 +00:00,1.00:00:00,1.0488,1.04885,1.03406,1.04066,0
04/01/2017 02:00:00 +00:00,1.00:01:00,1.04065,1.05746,1.04056,1.05621,0
05/01/2017 02:00:00 +00:00,1.00:01:00,1.05663,1.06151,1.04824,1.05804,0
06/01/2017 02:00:00 +00:00,14:59:00,1.05789,1.06214,1.05249,1.05306,0
08/01/2017 17:00:00 +00:00,23:57:00,1.05284,1.05829,1.05108,1.05741,0
09/01/2017 17:00:00 +00:00,1.00:01:00,1.05732,1.0627,1.05508,1.05536,0
10/01/2017 17:00:00 +00:00,1.00:01:00,1.05523,1.06228,1.04537,1.05803,0
11/01/2017 17:00:00 +00:00,23:59:00,1.0581,1.06847,1.05714,1.06115,0
16/01/2017 17:00:00 +00:00,1.00:01:00,1.0598,1.07197,1.05963,1.07093,0
18/01/2017 17:00:00 +00:00,1.00:01:00,1.0625,1.06765,1.05892,1.06611,0
19/01/2017 17:00:00 +00:00,1.00:00:00,1.06618,1.07094,1.0625,1.06988,0
22/01/2017 17:00:00 +00:00,1.00:01:00,1.07004,1.07689,1.06935,1.0764,0
23/01/2017 17:00:00 +00:00,1.00:00:00,1.07635,1.07747,1.07203,1.07285,0
24/01/2017 17:00:00 +00:00,1.00:00:00,1.07287,1.07697,1.07112,1.07484,0
25/01/2017 17:00:00 +00:00,1.00:01:00,1.0746,1.07654,1.06576,1.06793,0
29/01/2017 17:00:00 +00:00,23:59:00,1.07204,1.07402,1.06201,1.06928,0
30/01/2017 17:00:00 +00:00,1.00:00:00,1.06919,1.08121,1.06848,1.07961,0
01/02/2017 17:00:00 +00:00,1.00:01:00,1.07661,1.08287,1.07557,1.07584,0
02/02/2017 17:00:00 +00:00,1.00:00:00,1.07565,1.07976,1.07069,1.07825,0
05/02/2017 17:00:00 +00:00,23:59:00,1.07869,1.07912,1.07055,1.07483,0
06/02/2017 17:00:00 +00:00,1.00:00:00,1.07484,1.07499,1.0656,1.06778,0
07/02/2017 17:00:00 +00:00,1.00:00:00,1.06815,1.07137,1.06406,1.06967,0
09/02/2017 17:00:00 +00:00,23:59:00,1.06531,1.06675,1.06076,1.06386,0
12/02/2017 17:00:00 +00:00,1.00:01:00,1.06263,1.06582,1.05919,1.05955,0
13/02/2017 17:00:00 +00:00,23:59:00,1.05976,1.06333,1.05607,1.05736,0
14/02/2017 17:00:00 +00:00,23:59:00,1.0576,1.06093,1.05213,1.05989,0
15/02/2017 17:00:00 +00:00,1.00:01:00,1.0599,1.06792,1.05909,1.06713,0
20/02/2017 17:00:00 +00:00,1.00:00:00,1.06111,1.06152,1.05256,1.05349,0
21/02/2017 17:00:00 +00:00,1.00:01:00,1.05353,1.05739,1.04937,1.05535,0
22/02/2017 17:00:00 +00:00,1.00:01:00,1.0556,1.05951,1.05375,1.05768,0
23/02/2017 17:00:00 +00:00,23:58:00,1.05803,1.06177,1.05563,1.05611,0
26/02/2017 17:00:00 +00:00,23:59:00,1.05609,1.06305,1.05513,1.05851,0
28/02/2017 17:00:00 +00:00,23:59:00,1.05737,1.05891,1.05141,1.05455,0
01/03/2017 17:00:00 +00:00,1.00:00:00,1.05448,1.05516,1.04949,1.05071,0
02/03/2017 17:00:00 +00:00,23:59:00,1.05041,1.06238,1.05019,1.06205,0
05/03/2017 17:00:00 +00:00,1.00:01:00,1.06067,1.06398,1.05746,1.05807,0
06/03/2017 17:00:00 +00:00,23:59:00,1.05787,1.06025,1.05581,1.05647,0
07/03/2017 17:00:00 +00:00,23:58:00,1.05653,1.0574,1.05347,1.05386,0
08/03/2017 17:00:00 +00:00,1.00:00:00,1.05385,1.06149,1.0525,1.05751,0
09/03/2017 17:00:00 +00:00,1.00:00:00,1.05751,1.06992,1.0572,1.06731,0
12/03/2017 17:00:00 +00:00,23:55:00,1.06759,1.07142,1.06509,1.06529,0
13/03/2017 17:00:00 +00:00,1.00:00:00,1.06516,1.06625,1.06,1.0603,0
14/03/2017 17:00:00 +00:00,23:58:00,1.06031,1.07399,1.06029,1.07269,0
15/03/2017 17:00:00 +00:00,1.00:01:00,1.07324,1.07701,1.07056,1.07626,0
16/03/2017 17:00:00 +00:00,23:58:00,1.0764,1.07824,1.07274,1.07374,0
19/03/2017 17:00:00 +00:00,23:57:00,1.07314,1.07773,1.07249,1.07384,0
20/03/2017 17:00:00 +00:00,1.00:00:00,1.07386,1.08191,1.0719,1.08086,0
21/03/2017 17:00:00 +00:00,1.00:01:00,1.08097,1.08247,1.07758,1.07917,0
22/03/2017 17:00:00 +00:00,23:57:00,1.07959,1.08048,1.0768,1.07817,0
23/03/2017 17:00:00 +00:00,23:59:00,1.07816,1.08178,1.07601,1.0798,0
26/03/2017 18:00:00 +01:00,1.00:00:00,1.0836,1.09061,1.08269,1.08639,0
27/03/2017 18:00:00 +01:00,23:57:00,1.08638,1.08725,1.0799,1.08108,0
28/03/2017 18:00:00 +01:00,1.00:00:00,1.08109,1.08263,1.07397,1.07648,0
29/03/2017 18:00:00 +01:00,1.00:00:00,1.07638,1.07693,1.06717,1.06758,0
30/03/2017 18:00:00 +01:00,23:58:00,1.06742,1.07016,1.065,1.06522,0
02/04/2017 18:00:00 +01:00,23:58:00,1.06611,1.0681,1.06421,1.06681,0
03/04/2017 18:00:00 +01:00,23:57:00,1.0669,1.06769,1.06356,1.06683,0
04/04/2017 18:00:00 +01:00,23:59:00,1.06717,1.06889,1.06349,1.06621,0
05/04/2017 18:00:00 +01:00,1.00:00:00,1.06614,1.0684,1.06289,1.06425,0
06/04/2017 18:00:00 +01:00,23:58:00,1.06434,1.06662,1.05805,1.05821,0
09/04/2017 18:00:00 +01:00,23:58:00,1.05855,1.06066,1.05697,1.05935,0
10/04/2017 18:00:00 +01:00,23:59:00,1.0595,1.063,1.05785,1.06031,0
11/04/2017 18:00:00 +01:00,23:59:00,1.06024,1.06748,1.05887,1.06622,0
12/04/2017 18:00:00 +01:00,1.00:01:00,1.06621,1.06776,1.0609,1.06138,0
13/04/2017 18:00:00 +01:00,23:51:00,1.06112,1.06294,1.06055,1.06104,0
16/04/2017 18:00:00 +01:00,23:55:00,1.06149,1.06705,1.06024,1.06405,0
17/04/2017 18:00:00 +01:00,1.00:00:00,1.0641,1.07358,1.06369,1.07298,0
18/04/2017 18:00:00 +01:00,1.00:01:00,1.07299,1.07367,1.07,1.07093,0
19/04/2017 18:00:00 +01:00,23:58:00,1.07092,1.07773,1.07082,1.07161,0
20/04/2017 18:00:00 +01:00,23:55:00,1.07156,1.07379,1.06821,1.07238,0
23/04/2017 18:00:00 +01:00,1.00:01:00,1.09169,1.09181,1.08206,1.08671,0
24/04/2017 18:00:00 +01:00,1.00:00:00,1.08663,1.095,1.08512,1.0927,0
25/04/2017 18:00:00 +01:00,1.00:01:00,1.09237,1.09507,1.08558,1.09028,0
26/04/2017 18:00:00 +01:00,1.00:00:00,1.09028,1.09328,1.08517,1.08709,0
27/04/2017 18:00:00 +01:00,23:54:00,1.08709,1.09472,1.08569,1.08926,0
03/05/2017 18:00:00 +01:00,23:59:00,1.08839,1.0987,1.08748,1.09834,0
04/05/2017 18:00:00 +01:00,1.00:00:00,1.09838,1.09997,1.09445,1.09985,0
07/05/2017 18:00:00 +01:00,1.00:01:00,1.10173,1.10211,1.09162,1.09223,0
08/05/2017 18:00:00 +01:00,1.00:00:00,1.09225,1.09334,1.08634,1.08723,0
09/05/2017 18:00:00 +01:00,23:59:00,1.08719,1.08979,1.08532,1.08673,0
10/05/2017 18:00:00 +01:00,1.00:00:00,1.08654,1.08929,1.08391,1.08606,0
11/05/2017 18:00:00 +01:00,23:55:00,1.08588,1.09341,1.08556,1.09292,0
14/05/2017 18:00:00 +01:00,23:57:00,1.09286,1.09895,1.09225,1.09736,0
15/05/2017 18:00:00 +01:00,23:59:00,1.09733,1.10972,1.09723,1.10811,0
16/05/2017 18:00:00 +01:00,1.00:01:00,1.10805,1.1162,1.10791,1.11563,0
17/05/2017 18:00:00 +01:00,1.00:01:00,1.11563,1.11717,1.10757,1.1102,0
18/05/2017 18:00:00 +01:00,23:58:00,1.11013,1.12119,1.10963,1.12063,0
21/05/2017 18:00:00 +01:00,1.00:00:00,1.11932,1.12633,1.11614,1.12361,0
22/05/2017 18:00:00 +01:00,1.00:00:00,1.12354,1.12682,1.11751,1.11815,0
23/05/2017 18:00:00 +01:00,23:57:00,1.11813,1.12199,1.11684,1.12186,0
24/05/2017 18:00:00 +01:00,1.00:00:00,1.12171,1.12502,1.11936,1.12095,0
25/05/2017 18:00:00 +01:00,23:58:00,1.12087,1.12344,1.11605,1.11809,0
29/05/2017 18:00:00 +01:00,23:57:00,1.11614,1.1205,1.11096,1.11848,0
30/05/2017 18:00:00 +01:00,23:59:00,1.11841,1.1252,1.11645,1.12447,0
31/05/2017 18:00:00 +01:00,1.00:01:00,1.12427,1.12565,1.1202,1.12122,0
01/06/2017 18:00:00 +01:00,23:53:00,1.12118,1.1285,1.12049,1.12809,0
06/06/2017 18:00:00 +01:00,23:57:00,1.12758,1.12821,1.12039,1.12561,0
07/06/2017 18:00:00 +01:00,23:59:00,1.1255,1.12689,1.11946,1.12141,0
08/06/2017 18:00:00 +01:00,1.00:00:00,1.12117,1.1237,1.11663,1.11941,0
13/06/2017 18:00:00 +01:00,23:59:00,1.12098,1.12957,1.11931,1.12174,0
14/06/2017 18:00:00 +01:00,1.00:00:00,1.12162,1.12285,1.11319,1.11442,0
19/06/2017 18:00:00 +01:00,1.00:01:00,1.11464,1.11649,1.11187,1.11327,0
20/06/2017 18:00:00 +01:00,23:59:00,1.11326,1.11688,1.11274,1.11674,0
21/06/2017 18:00:00 +01:00,23:57:00,1.11656,1.11779,1.11393,1.11512,0
22/06/2017 18:00:00 +01:00,23:50:00,1.11512,1.12088,1.11451,1.11926,0
25/06/2017 18:00:00 +01:00,23:56:00,1.11979,1.12198,1.11717,1.11812,0
26/06/2017 18:00:00 +01:00,23:58:00,1.11813,1.13493,1.11789,1.13372,0
27/06/2017 18:00:00 +01:00,1.00:01:00,1.13366,1.13905,1.12914,1.13759,0
28/06/2017 18:00:00 +01:00,1.00:01:00,1.1375,1.14453,1.13742,1.14398,0
02/07/2017 18:00:00 +01:00,23:59:00,1.14168,1.14265,1.13551,1.13637,0
03/07/2017 18:00:00 +01:00,23:58:00,1.13629,1.1377,1.13363,1.13428,0
04/07/2017 18:00:00 +01:00,23:56:00,1.13445,1.13685,1.13122,1.13511,0
05/07/2017 18:00:00 +01:00,23:59:00,1.13497,1.14245,1.13298,1.14224,0
06/07/2017 18:00:00 +01:00,1.00:00:00,1.14228,1.14399,1.13796,1.13982,0
10/07/2017 18:00:00 +01:00,23:59:00,1.13973,1.14797,1.13827,1.14656,0
11/07/2017 18:00:00 +01:00,1.00:00:00,1.14659,1.14893,1.13916,1.14124,0
12/07/2017 18:00:00 +01:00,23:59:00,1.14108,1.14559,1.13705,1.13969,0
13/07/2017 18:00:00 +01:00,23:56:00,1.13965,1.14716,1.13914,1.14681,0
16/07/2017 18:00:00 +01:00,23:58:00,1.14705,1.1487,1.14346,1.14778,0
17/07/2017 18:00:00 +01:00,1.00:00:00,1.14776,1.15831,1.14715,1.15545,0
19/07/2017 18:00:00 +01:00,23:59:00,1.15134,1.16579,1.14791,1.16288,0
20/07/2017 18:00:00 +01:00,23:58:00,1.16287,1.16829,1.16189,1.16597,0
23/07/2017 18:00:00 +01:00,23:56:00,1.1663,1.16841,1.16259,1.16432,0
24/07/2017 18:00:00 +01:00,23:59:00,1.16405,1.1712,1.16307,1.16479,0
25/07/2017 18:00:00 +01:00,23:58:00,1.16452,1.17398,1.16129,1.1734,0
26/07/2017 18:00:00 +01:00,1.00:01:00,1.17336,1.17765,1.165,1.16753,0
30/07/2017 18:00:00 +01:00,1.00:00:00,1.17457,1.18455,1.1723,1.18404,0
01/08/2017 18:00:00 +01:00,1.00:00:00,1.17997,1.19101,1.17935,1.18546,0
03/08/2017 18:00:00 +01:00,23:59:00,1.18684,1.1889,1.17281,1.17716,0
07/08/2017 18:00:00 +01:00,1.00:00:00,1.17933,1.18237,1.17151,1.17484,0
08/08/2017 18:00:00 +01:00,1.00:01:00,1.17473,1.17638,1.16888,1.1756,0
09/08/2017 18:00:00 +01:00,1.00:00:00,1.17573,1.17848,1.1704,1.17705,0
10/08/2017 18:00:00 +01:00,23:57:00,1.17707,1.18468,1.17486,1.18197,0
14/08/2017 18:00:00 +01:00,23:56:00,1.17782,1.17927,1.16871,1.1734,0
15/08/2017 18:00:00 +01:00,1.00:00:00,1.17334,1.17785,1.16816,1.17645,0
16/08/2017 18:00:00 +01:00,1.00:00:00,1.17658,1.17897,1.1662,1.17217,0
20/08/2017 18:00:00 +01:00,23:52:00,1.17549,1.18279,1.17312,1.18147,0
24/08/2017 18:00:00 +01:00,23:58:00,1.17975,1.19413,1.17733,1.19213,0
27/08/2017 18:00:00 +01:00,23:58:00,1.19422,1.19837,1.19169,1.19755,0
28/08/2017 18:00:00 +01:00,1.00:00:00,1.19772,1.207,1.19459,1.19706,0
29/08/2017 18:00:00 +01:00,1.00:01:00,1.19706,1.19842,1.18804,1.18826,0
30/08/2017 18:00:00 +01:00,1.00:01:00,1.18828,1.19124,1.1823,1.19066,0
31/08/2017 18:00:00 +01:00,23:56:00,1.19079,1.19795,1.18496,1.18602,0
06/09/2017 19:00:00 +01:00,1.00:00:00,1.19206,1.20591,1.19139,1.20187,0
07/09/2017 19:00:00 +01:00,22:58:00,1.20188,1.2092,1.20145,1.20333,0
10/09/2017 18:00:00 +01:00,23:58:00,1.20164,1.20294,1.19478,1.19533,0
11/09/2017 18:00:00 +01:00,23:54:00,1.19508,1.19781,1.19262,1.1965,0
12/09/2017 18:00:00 +01:00,23:57:00,1.19648,1.19946,1.1873,1.18814,0
13/09/2017 18:00:00 +01:00,23:59:00,1.18832,1.1922,1.18379,1.19164,0
14/09/2017 18:00:00 +01:00,1.00:00:00,1.19164,1.1987,1.19007,1.19427,0
18/09/2017 18:00:00 +01:00,1.00:00:00,1.19506,1.20066,1.19488,1.19904,0
19/09/2017 18:00:00 +01:00,23:58:00,1.19922,1.20329,1.18612,1.18904,0
24/09/2017 18:00:00 +01:00,23:59:00,1.1897,1.19364,1.18321,1.18463,0
25/09/2017 18:00:00 +01:00,1.00:00:00,1.18463,1.18614,1.17572,1.1791,0
26/09/2017 18:00:00 +01:00,1.00:00:00,1.17918,1.17949,1.1717,1.17453,0
27/09/2017 18:00:00 +01:00,23:59:00,1.17434,1.1804,1.17211,1.17845,0
28/09/2017 18:00:00 +01:00,23:57:00,1.17842,1.18323,1.17724,1.18121,0
01/10/2017 18:00:00 +01:00,23:56:00,1.17903,1.18147,1.173,1.17308,0
02/10/2017 18:00:00 +01:00,23:58:00,1.17306,1.17733,1.16959,1.17415,0
03/10/2017 18:00:00 +01:00,23:59:00,1.17411,1.17875,1.17346,1.17592,0
04/10/2017 18:00:00 +01:00,23:58:00,1.17575,1.17787,1.1699,1.17095,0
05/10/2017 18:00:00 +01:00,23:59:00,1.17101,1.17386,1.16691,1.17281,0
08/10/2017 18:00:00 +01:00,23:47:00,1.17271,1.17558,1.17195,1.17392,0
09/10/2017 18:00:00 +01:00,23:52:00,1.17392,1.18254,1.17376,1.18055,0
10/10/2017 18:00:00 +01:00,1.00:00:00,1.18071,1.18691,1.17951,1.18578,0
11/10/2017 18:00:00 +01:00,23:59:00,1.18564,1.18796,1.18258,1.18285,0
12/10/2017 18:00:00 +01:00,23:59:00,1.18284,1.18746,1.18052,1.18189,0
15/10/2017 18:00:00 +01:00,23:56:00,1.18101,1.18196,1.17805,1.17951,0
16/10/2017 18:00:00 +01:00,23:56:00,1.17947,1.17998,1.17359,1.17648,0
17/10/2017 18:00:00 +01:00,23:53:00,1.17648,1.18053,1.17301,1.17868,0
18/10/2017 18:00:00 +01:00,1.00:00:00,1.17859,1.18579,1.17679,1.18514,0
19/10/2017 18:00:00 +01:00,23:58:00,1.18512,1.18578,1.17624,1.17837,0
22/10/2017 18:00:00 +01:00,23:52:00,1.17622,1.17773,1.17249,1.17474,0
23/10/2017 18:00:00 +01:00,23:56:00,1.17474,1.17926,1.17427,1.17596,0
24/10/2017 18:00:00 +01:00,23:51:00,1.17596,1.18177,1.17529,1.18109,0
03/01/2017 00:00:00 +00:00,1.00:00:00,1.04882,1.049,1.03406,1.04025,0
04/01/2017 00:00:00 +00:00,1.00:01:00,1.04024,1.05404,1.03991,1.05251,0
05/01/2017 00:00:00 +00:00,1.00:01:00,1.05261,1.06151,1.04824,1.05802,0
06/01/2017 00:00:00 +00:00,16:59:00,1.05802,1.06214,1.05249,1.05306,0
08/01/2017 17:00:00 +00:00,23:57:00,1.05284,1.05829,1.05108,1.05741,0
09/01/2017 17:00:00 +00:00,1.00:01:00,1.05732,1.0627,1.05508,1.05536,0
10/01/2017 17:00:00 +00:00,1.00:01:00,1.05523,1.06228,1.04537,1.05803,0
11/01/2017 17:00:00 +00:00,23:59:00,1.0581,1.06847,1.05714,1.06115,0
16/01/2017 17:00:00 +00:00,1.00:01:00,1.0598,1.07197,1.05963,1.07093,0
18/01/2017 17:00:00 +00:00,1.00:01:00,1.0625,1.06765,1.05892,1.06611,0
19/01/2017 17:00:00 +00:00,1.00:00:00,1.06618,1.07094,1.0625,1.06988,0
22/01/2017 17:00:00 +00:00,1.00:01:00,1.07004,1.07689,1.06935,1.0764,0
23/01/2017 17:00:00 +00:00,1.00:00:00,1.07635,1.07747,1.07203,1.07285,0
24/01/2017 17:00:00 +00:00,1.00:00:00,1.07287,1.07697,1.07112,1.07484,0
25/01/2017 17:00:00 +00:00,1.00:01:00,1.0746,1.07654,1.06576,1.06793,0
29/01/2017 17:00:00 +00:00,23:59:00,1.07204,1.07402,1.06201,1.06928,0
30/01/2017 17:00:00 +00:00,1.00:00:00,1.06919,1.08121,1.06848,1.07961,0
01/02/2017 17:00:00 +00:00,1.00:01:00,1.07661,1.08287,1.07557,1.07584,0
02/02/2017 17:00:00 +00:00,1.00:00:00,1.07565,1.07976,1.07069,1.07825,0
05/02/2017 17:00:00 +00:00,23:59:00,1.07869,1.07912,1.07055,1.07483,0
06/02/2017 17:00:00 +00:00,1.00:00:00,1.07484,1.07499,1.0656,1.06778,0
07/02/2017 17:00:00 +00:00,1.00:00:00,1.06815,1.07137,1.06406,1.06967,0
09/02/2017 17:00:00 +00:00,23:59:00,1.06531,1.06675,1.06076,1.06386,0
12/02/2017 17:00:00 +00:00,1.00:01:00,1.06263,1.06582,1.05919,1.05955,0
13/02/2017 17:00:00 +00:00,23:59:00,1.05976,1.06333,1.05607,1.05736,0
14/02/2017 17:00:00 +00:00,23:59:00,1.0576,1.06093,1.05213,1.05989,0
15/02/2017 17:00:00 +00:00,1.00:01:00,1.0599,1.06792,1.05909,1.06713,0
20/02/2017 17:00:00 +00:00,1.00:00:00,1.06111,1.06152,1.05256,1.05349,0
21/02/2017 17:00:00 +00:00,1.00:01:00,1.05353,1.05739,1.04937,1.05535,0
22/02/2017 17:00:00 +00:00,1.00:01:00,1.0556,1.05951,1.05375,1.05768,0
23/02/2017 17:00:00 +00:00,23:58:00,1.05803,1.06177,1.05563,1.05611,0
26/02/2017 17:00:00 +00:00,23:59:00,1.05609,1.06305,1.05513,1.05851,0
28/02/2017 17:00:00 +00:00,23:59:00,1.05737,1.05891,1.05141,1.05455,0
01/03/2017 17:00:00 +00:00,1.00:00:00,1.05448,1.05516,1.04949,1.05071,0
02/03/2017 17:00:00 +00:00,23:59:00,1.05041,1.06238,1.05019,1.06205,0
05/03/2017 17:00:00 +00:00,1.00:01:00,1.06067,1.06398,1.05746,1.05807,0
06/03/2017 17:00:00 +00:00,23:59:00,1.05787,1.06025,1.05581,1.05647,0
07/03/2017 17:00:00 +00:00,23:58:00,1.05653,1.0574,1.05347,1.05386,0
08/03/2017 17:00:00 +00:00,1.00:00:00,1.05385,1.06149,1.0525,1.05751,0
03/01/2017 00:00:00 +00:00,1.00:00:00,1.04882,1.049,1.03406,1.04025,0
04/01/2017 00:00:00 +00:00,1.00:01:00,1.04024,1.05404,1.03991,1.05251,0
05/01/2017 00:00:00 +00:00,1.00:01:00,1.05261,1.06151,1.04824,1.05802,0
06/01/2017 00:00:00 +00:00,16:59:00,1.05802,1.06214,1.05249,1.05306,0
09/01/2017 00:00:00 +00:00,1.00:01:00,1.05263,1.0627,1.05108,1.06091,0
11/01/2017 00:00:00 +00:00,1.00:00:00,1.05502,1.06228,1.04537,1.06017,0
12/01/2017 00:00:00 +00:00,1.00:00:00,1.05996,1.06847,1.05948,1.06145,0
16/01/2017 00:00:00 +00:00,23:56:00,1.06145,1.06432,1.05793,1.06404,0
17/01/2017 00:00:00 +00:00,1.00:01:00,1.06402,1.07197,1.064,1.06965,0
18/01/2017 00:00:00 +00:00,1.00:01:00,1.06977,1.07045,1.06219,1.06386,0
19/01/2017 00:00:00 +00:00,1.00:01:00,1.06405,1.06934,1.05892,1.06797,0
20/01/2017 00:00:00 +00:00,17:00:00,1.068,1.07094,1.0625,1.06988,0
23/01/2017 00:00:00 +00:00,1.00:01:00,1.07369,1.0773,1.0706,1.07507,0
24/01/2017 00:00:00 +00:00,23:59:00,1.07511,1.07747,1.07203,1.07282,0
25/01/2017 00:00:00 +00:00,1.00:01:00,1.07306,1.07697,1.07112,1.07574,0
26/01/2017 00:00:00 +00:00,1.00:00:00,1.07568,1.07605,1.06576,1.06745,0
30/01/2017 00:00:00 +00:00,23:59:00,1.07293,1.07318,1.06201,1.06964,0
31/01/2017 00:00:00 +00:00,1.00:00:00,1.06962,1.08121,1.06848,1.07893,0
02/02/2017 00:00:00 +00:00,1.00:01:00,1.07841,1.08287,1.07451,1.07577,0
03/02/2017 00:00:00 +00:00,17:00:00,1.07576,1.07976,1.07069,1.07825,0
06/02/2017 00:00:00 +00:00,1.00:00:00,1.07755,1.07783,1.07043,1.07104,0
07/02/2017 00:00:00 +00:00,1.00:00:00,1.07096,1.07137,1.0656,1.0677,0
08/02/2017 00:00:00 +00:00,1.00:00:00,1.06773,1.07137,1.06406,1.06888,0
10/02/2017 00:00:00 +00:00,17:00:00,1.06619,1.06635,1.06076,1.06386,0
13/02/2017 00:00:00 +00:00,23:59:00,1.06224,1.06582,1.05911,1.06109,0
14/02/2017 00:00:00 +00:00,1.00:00:00,1.06108,1.06333,1.05607,1.05773,0
15/02/2017 00:00:00 +00:00,1.00:00:00,1.05763,1.06234,1.05213,1.06151,0
16/02/2017 00:00:00 +00:00,1.00:00:00,1.06151,1.06792,1.05998,1.06743,0
20/02/2017 00:00:00 +00:00,1.00:00:00,1.06183,1.06298,1.0577,1.05819,0
21/02/2017 00:00:00 +00:00,1.00:01:00,1.05814,1.05891,1.05256,1.05448,0
22/02/2017 00:00:00 +00:00,1.00:01:00,1.0545,1.05739,1.04937,1.05621,0
23/02/2017 00:00:00 +00:00,1.00:00:00,1.0562,1.05951,1.05375,1.05811,0
24/02/2017 00:00:00 +00:00,16:59:00,1.05809,1.06177,1.05563,1.05611,0
27/02/2017 00:00:00 +00:00,1.00:00:00,1.0566,1.06305,1.05631,1.05886,0
28/02/2017 00:00:00 +00:00,23:59:00,1.05884,1.063,1.05507,1.05529,0
01/03/2017 00:00:00 +00:00,1.00:01:00,1.05522,1.05716,1.05141,1.05324,0
02/03/2017 00:00:00 +00:00,1.00:00:00,1.05324,1.05455,1.04949,1.05203,0
03/03/2017 00:00:00 +00:00,16:59:00,1.05199,1.06238,1.05106,1.06205,0
06/03/2017 00:00:00 +00:00,23:59:00,1.06005,1.06398,1.05727,1.05816,0
07/03/2017 00:00:00 +00:00,1.00:00:00,1.05811,1.06025,1.05581,1.056,0
08/03/2017 00:00:00 +00:00,23:58:00,1.05611,1.05728,1.05287,1.05297,0
09/03/2017 00:00:00 +00:00,1.00:01:00,1.05308,1.06149,1.0525,1.05994,0
10/03/2017 00:00:00 +00:00,17:00:00,1.05966,1.06992,1.05879,1.06731,0
13/03/2017 00:00:00 +00:00,1.00:00:00,1.06972,1.07142,1.06448,1.06534,0
14/03/2017 00:00:00 +00:00,1.00:00:00,1.06539,1.06625,1.06,1.06152,0
15/03/2017 00:00:00 +00:00,23:59:00,1.06149,1.07461,1.06072,1.07212,0
16/03/2017 00:00:00 +00:00,1.00:00:00,1.07213,1.07744,1.07056,1.07721,0
17/03/2017 00:00:00 +00:00,16:59:00,1.07726,1.07824,1.07274,1.07374,0
20/03/2017 00:00:00 +00:00,1.00:00:00,1.07596,1.07773,1.0719,1.07575,0
21/03/2017 00:00:00 +00:00,1.00:01:00,1.07556,1.08191,1.07544,1.07939,0
22/03/2017 00:00:00 +00:00,23:58:00,1.07935,1.08247,1.07758,1.07897,0
23/03/2017 00:00:00 +00:00,23:59:00,1.07889,1.08048,1.07601,1.07684,0
24/03/2017 00:00:00 +00:00,17:00:00,1.07682,1.08178,1.07609,1.0798,0
27/03/2017 00:00:00 +01:00,23:57:00,1.08446,1.09061,1.08423,1.08591,0
28/03/2017 00:00:00 +01:00,1.00:00:00,1.08599,1.08725,1.0799,1.08185,0
29/03/2017 00:00:00 +01:00,1.00:00:00,1.08197,1.08197,1.07397,1.07457,0
30/03/2017 00:00:00 +01:00,1.00:00:00,1.07458,1.07678,1.06717,1.068,0
31/03/2017 00:00:00 +01:00,17:59:00,1.06794,1.07016,1.065,1.06522,0
03/04/2017 00:00:00 +01:00,23:57:00,1.06786,1.06808,1.06421,1.06638,0
04/04/2017 00:00:00 +01:00,1.00:01:00,1.0664,1.06851,1.06356,1.06771,0
05/04/2017 00:00:00 +01:00,23:58:00,1.06774,1.06889,1.06349,1.06735,0
06/04/2017 00:00:00 +01:00,23:59:00,1.06743,1.06804,1.06289,1.06434,0
07/04/2017 00:00:00 +01:00,18:00:00,1.06441,1.06662,1.05805,1.05821,0
10/04/2017 00:00:00 +01:00,23:58:00,1.05758,1.06066,1.05697,1.05861,0
11/04/2017 00:00:00 +01:00,23:58:00,1.0585,1.063,1.05785,1.0598,0
12/04/2017 00:00:00 +01:00,1.00:01:00,1.06006,1.0677,1.05887,1.06713,0
13/04/2017 00:00:00 +01:00,23:58:00,1.0673,1.06776,1.0609,1.06159,0
14/04/2017 00:00:00 +01:00,17:54:00,1.06142,1.06294,1.06055,1.06104,0
17/04/2017 00:00:00 +01:00,23:58:00,1.06225,1.06705,1.0615,1.06506,0
18/04/2017 00:00:00 +01:00,1.00:01:00,1.06509,1.07358,1.06411,1.07205,0
19/04/2017 00:00:00 +01:00,23:59:00,1.07204,1.07367,1.07,1.07151,0
20/04/2017 00:00:00 +01:00,23:57:00,1.07153,1.07773,1.07068,1.07142,0
21/04/2017 00:00:00 +01:00,17:58:00,1.07141,1.07379,1.06821,1.07238,0
24/04/2017 00:00:00 +01:00,1.00:00:00,1.08381,1.08775,1.08319,1.08606,0
25/04/2017 00:00:00 +01:00,1.00:01:00,1.08617,1.095,1.08569,1.09387,0
26/04/2017 00:00:00 +01:00,1.00:01:00,1.09388,1.09507,1.08558,1.09114,0
27/04/2017 00:00:00 +01:00,23:56:00,1.09103,1.09328,1.08517,1.08678,0
28/04/2017 00:00:00 +01:00,17:58:00,1.08682,1.09472,1.08569,1.08926,0
04/05/2017 00:00:00 +01:00,1.00:00:00,1.08917,1.0987,1.08748,1.098,0
05/05/2017 00:00:00 +01:00,18:00:00,1.0978,1.09997,1.09445,1.09985,0
08/05/2017 00:00:00 +01:00,1.00:00:00,1.0975,1.09965,1.09162,1.0927,0
09/05/2017 00:00:00 +01:00,1.00:00:00,1.09269,1.09334,1.08634,1.08939,0
10/05/2017 00:00:00 +01:00,1.00:00:00,1.08927,1.08978,1.08532,1.08771,0
11/05/2017 00:00:00 +01:00,23:58:00,1.08774,1.08929,1.08391,1.08713,0
12/05/2017 00:00:00 +01:00,17:57:00,1.08716,1.09341,1.08556,1.09292,0
15/05/2017 00:00:00 +01:00,23:58:00,1.09272,1.09898,1.09259,1.09878,0
16/05/2017 00:00:00 +01:00,1.00:01:00,1.09881,1.11136,1.09864,1.11101,0
17/05/2017 00:00:00 +01:00,1.00:01:00,1.11095,1.11717,1.10815,1.11563,0
18/05/2017 00:00:00 +01:00,1.00:00:00,1.11558,1.11618,1.10757,1.11034,0
19/05/2017 00:00:00 +01:00,17:59:00,1.11023,1.12119,1.11021,1.12063,0
22/05/2017 00:00:00 +01:00,1.00:00:00,1.11916,1.12633,1.11614,1.12513,0
23/05/2017 00:00:00 +01:00,23:58:00,1.12511,1.12682,1.11751,1.11852,0
24/05/2017 00:00:00 +01:00,1.00:00:00,1.11852,1.12399,1.11684,1.12383,0
25/05/2017 00:00:00 +01:00,23:59:00,1.12389,1.12502,1.11847,1.11991,0
26/05/2017 00:00:00 +01:00,17:59:00,1.11991,1.12344,1.11605,1.11809,0
29/05/2017 00:00:00 +01:00,23:54:00,1.11638,1.11898,1.11219,1.11285,0
30/05/2017 00:00:00 +01:00,23:59:00,1.11292,1.1205,1.11096,1.11736,0
31/05/2017 00:00:00 +01:00,1.00:00:00,1.11755,1.12565,1.11645,1.1242,0
02/06/2017 00:00:00 +01:00,17:55:00,1.12166,1.1285,1.12049,1.12809,0
07/06/2017 00:00:00 +01:00,1.00:00:00,1.1265,1.12821,1.12039,1.12605,0
08/06/2017 00:00:00 +01:00,23:59:00,1.1261,1.12689,1.11792,1.11951,0
09/06/2017 00:00:00 +01:00,18:00:00,1.11956,1.12156,1.11663,1.11941,0
12/06/2017 00:00:00 +01:00,23:58:00,1.12102,1.1232,1.11898,1.11948,0
13/06/2017 00:00:00 +01:00,23:57:00,1.11961,1.12249,1.11852,1.12125,0
14/06/2017 00:00:00 +01:00,1.00:01:00,1.12121,1.12957,1.11931,1.12171,0
15/06/2017 00:00:00 +01:00,1.00:00:00,1.12164,1.12242,1.11319,1.1149,0
20/06/2017 00:00:00 +01:00,1.00:00:00,1.11561,1.11649,1.11187,1.11344,0
21/06/2017 00:00:00 +01:00,23:57:00,1.11343,1.11713,1.11274,1.11686,0
22/06/2017 00:00:00 +01:00,23:53:00,1.11675,1.11779,1.11393,1.11584,0
23/06/2017 00:00:00 +01:00,17:57:00,1.11584,1.12088,1.11575,1.11926,0
26/06/2017 00:00:00 +01:00,23:59:00,1.11949,1.12198,1.11717,1.1187,0
27/06/2017 00:00:00 +01:00,23:59:00,1.11874,1.13554,1.11821,1.13499,0
28/06/2017 00:00:00 +01:00,1.00:01:00,1.13515,1.14192,1.12914,1.14054,0
29/06/2017 00:00:00 +01:00,1.00:00:00,1.14052,1.14453,1.1388,1.14385,0
03/07/2017 00:00:00 +01:00,23:59:00,1.14137,1.14166,1.13551,1.13659,0
04/07/2017 00:00:00 +01:00,23:56:00,1.13661,1.13743,1.13363,1.13615,0
05/07/2017 00:00:00 +01:00,1.00:00:00,1.13627,1.13681,1.13122,1.13374,0
06/07/2017 00:00:00 +01:00,23:59:00,1.13375,1.14255,1.13308,1.14136,0
07/07/2017 00:00:00 +01:00,18:00:00,1.14137,1.14399,1.13796,1.13982,0
11/07/2017 00:00:00 +01:00,1.00:00:00,1.13932,1.14838,1.13827,1.1481,0
12/07/2017 00:00:00 +01:00,23:59:00,1.14815,1.14893,1.13916,1.14375,0
13/07/2017 00:00:00 +01:00,23:59:00,1.1437,1.14559,1.13705,1.14086,0
14/07/2017 00:00:00 +01:00,17:58:00,1.14079,1.14716,1.14006,1.14681,0
17/07/2017 00:00:00 +01:00,1.00:00:00,1.14609,1.15377,1.14346,1.15282,0
18/07/2017 00:00:00 +01:00,23:59:00,1.15289,1.15831,1.15111,1.15385,0
19/07/2017 00:00:00 +01:00,23:59:00,1.15389,1.15475,1.15099,1.15255,0
20/07/2017 00:00:00 +01:00,1.00:00:00,1.15235,1.16579,1.14791,1.16254,0
21/07/2017 00:00:00 +01:00,17:59:00,1.16247,1.16829,1.16233,1.16597,0
25/07/2017 00:00:00 +01:00,23:58:00,1.16535,1.1712,1.16378,1.16523,0
26/07/2017 00:00:00 +01:00,1.00:01:00,1.16522,1.17474,1.16129,1.17451,0
27/07/2017 00:00:00 +01:00,23:59:00,1.17457,1.17765,1.165,1.16914,0
31/07/2017 00:00:00 +01:00,1.00:01:00,1.17353,1.18455,1.1723,1.18265,0
02/08/2017 00:00:00 +01:00,23:58:00,1.18081,1.19101,1.18035,1.18439,0
04/08/2017 00:00:00 +01:00,17:59:00,1.18747,1.1889,1.17281,1.17716,0
08/08/2017 00:00:00 +01:00,1.00:01:00,1.18129,1.18181,1.17151,1.17331,0
09/08/2017 00:00:00 +01:00,1.00:00:00,1.17341,1.17697,1.16888,1.17469,0
10/08/2017 00:00:00 +01:00,23:58:00,1.17485,1.17848,1.1704,1.17675,0
11/08/2017 00:00:00 +01:00,18:00:00,1.17686,1.18468,1.17486,1.18197,0
15/08/2017 00:00:00 +01:00,1.00:00:00,1.17826,1.17859,1.16871,1.17359,0
16/08/2017 00:00:00 +01:00,23:59:00,1.17361,1.17897,1.16816,1.17824,0
17/08/2017 00:00:00 +01:00,1.00:01:00,1.17823,1.17895,1.1662,1.17306,0
21/08/2017 00:00:00 +01:00,23:59:00,1.17596,1.18279,1.17312,1.18055,0
25/08/2017 00:00:00 +01:00,18:00:00,1.17942,1.19413,1.17733,1.19213,0
28/08/2017 00:00:00 +01:00,1.00:00:00,1.19253,1.19856,1.19169,1.19694,0
29/08/2017 00:00:00 +01:00,1.00:01:00,1.19695,1.207,1.19459,1.19758,0
30/08/2017 00:00:00 +01:00,1.00:01:00,1.19764,1.19842,1.18712,1.1878,0
31/08/2017 00:00:00 +01:00,1.00:00:00,1.18775,1.19226,1.1823,1.19051,0
01/09/2017 00:00:00 +01:00,17:57:00,1.19051,1.19795,1.18496,1.18602,0
07/09/2017 00:00:00 +01:00,23:59:00,1.19254,1.20892,1.19139,1.20723,0
08/09/2017 00:00:00 +01:00,17:59:00,1.2071,1.2092,1.20145,1.20333,0
11/09/2017 00:00:00 +01:00,23:59:00,1.20168,1.20294,1.19457,1.19613,0
12/09/2017 00:00:00 +01:00,23:53:00,1.1961,1.19927,1.19262,1.19844,0
13/09/2017 00:00:00 +01:00,23:58:00,1.19848,1.19946,1.18704,1.18775,0
14/09/2017 00:00:00 +01:00,1.00:01:00,1.18756,1.19237,1.18379,1.19142,0
15/09/2017 00:00:00 +01:00,18:00:00,1.1915,1.1987,1.19042,1.19427,0
19/09/2017 00:00:00 +01:00,23:59:00,1.19661,1.20194,1.19541,1.20077,0
20/09/2017 00:00:00 +01:00,1.00:00:00,1.20073,1.20329,1.18612,1.18826,0
25/09/2017 00:00:00 +01:00,1.00:01:00,1.1931,1.19364,1.18321,1.18573,0
26/09/2017 00:00:00 +01:00,23:59:00,1.18577,1.18614,1.17572,1.17881,0
27/09/2017 00:00:00 +01:00,23:59:00,1.17885,1.17922,1.1717,1.17402,0
28/09/2017 00:00:00 +01:00,1.00:00:00,1.17398,1.1804,1.17211,1.17769,0
29/09/2017 00:00:00 +01:00,17:58:00,1.17758,1.18323,1.17724,1.18121,0
02/10/2017 00:00:00 +01:00,23:59:00,1.17757,1.178,1.17018,1.17119,0
03/10/2017 00:00:00 +01:00,23:59:00,1.17121,1.17797,1.16959,1.1768,0
04/10/2017 00:00:00 +01:00,23:59:00,1.17677,1.17875,1.17464,1.1757,0
05/10/2017 00:00:00 +01:00,23:58:00,1.17574,1.17787,1.1699,1.17074,0
06/10/2017 00:00:00 +01:00,18:00:00,1.17081,1.17386,1.16691,1.17281,0
09/10/2017 00:00:00 +01:00,23:49:00,1.17411,1.1782,1.17195,1.17712,0
10/10/2017 00:00:00 +01:00,1.00:00:00,1.17718,1.18274,1.17623,1.18025,0
11/10/2017 00:00:00 +01:00,23:59:00,1.18022,1.18758,1.18001,1.18738,0
12/10/2017 00:00:00 +01:00,1.00:00:00,1.18739,1.18796,1.18249,1.18496,0
13/10/2017 00:00:00 +01:00,18:00:00,1.18489,1.18746,1.18052,1.18189,0
16/10/2017 00:00:00 +01:00,23:56:00,1.18076,1.18196,1.17748,1.17832,0
17/10/2017 00:00:00 +01:00,23:55:00,1.17831,1.17839,1.17359,1.17716,0
18/10/2017 00:00:00 +01:00,23:58:00,1.17723,1.18164,1.17301,1.1797,0
19/10/2017 00:00:00 +01:00,23:59:00,1.17984,1.18579,1.17679,1.18078,0
20/10/2017 00:00:00 +01:00,17:59:00,1.18095,1.18261,1.17624,1.17837,0
23/10/2017 00:00:00 +01:00,23:52:00,1.17687,1.17773,1.17249,1.17616,0
24/10/2017 00:00:00 +01:00,23:53:00,1.17608,1.17926,1.17427,1.176,0
25/10/2017 00:00:00 +01:00,23:52:00,1.17597,1.18326,1.17534,1.1824,0
26/10/2017 00:00:00 +01:00,23:59:00,1.18239,1.18366,1.16244,1.16352,0
27/10/2017 00:00:00 +01:00,17:58:00,1.16358,1.16437,1.15743,1.16059,0
30/10/2017 00:00:00 +00:00,23:55:00,1.16142,1.16577,1.16014,1.16355,0
31/10/2017 00:00:00 +00:00,23:58:00,1.16366,1.16612,1.1625,1.16308,0
01/11/2017 00:00:00 +00:00,1.00:01:00,1.16314,1.16717,1.16062,1.16559,0
02/11/2017 00:00:00 +00:00,23:58:00,1.16556,1.16872,1.16258,1.16576,0
03/11/2017 00:00:00 +00:00,16:56:00,1.16576,1.16902,1.1599,1.16055,0
06/11/2017 00:00:00 +00:00,23:55:00,1.16094,1.16167,1.15802,1.16069,0
07/11/2017 00:00:00 +00:00,23:59:00,1.16075,1.16104,1.15541,1.15985,0
08/11/2017 00:00:00 +00:00,23:57:00,1.15984,1.1611,1.1579,1.15964,0
09/11/2017 00:00:00 +00:00,23:58:00,1.15963,1.16546,1.15897,1.16433,0
10/11/2017 00:00:00 +00:00,16:58:00,1.16441,1.16777,1.16228,1.16624,0
14/11/2017 00:00:00 +00:00,23:59:00,1.16724,1.18048,1.1665,1.1792,0
15/11/2017 00:00:00 +00:00,1.00:00:00,1.17923,1.18606,1.17679,1.17763,0
16/11/2017 00:00:00 +00:00,23:55:00,1.17772,1.18216,1.1757,1.18045,0
20/11/2017 00:00:00 +00:00,23:54:00,1.17287,1.18086,1.17279,1.17383,0
21/11/2017 00:00:00 +00:00,23:54:00,1.17387,1.17575,1.1713,1.1741,0
22/11/2017 00:00:00 +00:00,23:57:00,1.17414,1.18379,1.17355,1.18354,0
23/11/2017 00:00:00 +00:00,23:52:00,1.18346,1.18588,1.18237,1.18522,0
24/11/2017 00:00:00 +00:00,16:55:00,1.18523,1.19441,1.18369,1.19304,0
27/11/2017 00:00:00 +00:00,23:56:00,1.19236,1.19611,1.18902,1.19035,0
28/11/2017 00:00:00 +00:00,1.00:01:00,1.19044,1.19199,1.18269,1.18501,0
29/11/2017 00:00:00 +00:00,23:59:00,1.18504,1.18827,1.18168,1.18621,0
30/11/2017 00:00:00 +00:00,23:59:00,1.1862,1.19313,1.18088,1.19111,0
01/12/2017 00:00:00 +00:00,17:00:00,1.1911,1.19402,1.18508,1.1894,0
04/12/2017 00:00:00 +00:00,1.00:00:00,1.18706,1.18785,1.18291,1.18701,0
05/12/2017 00:00:00 +00:00,1.00:00:00,1.18694,1.18764,1.18007,1.18387,0
06/12/2017 00:00:00 +00:00,1.00:00:00,1.18387,1.18449,1.17805,1.17983,0
07/12/2017 00:00:00 +00:00,1.00:00:00,1.17977,1.18145,1.17609,1.17616,0
03/01/2017 00:00:00 +00:00,1.00:00:00,1.04882,1.049,1.03406,1.04025,0
04/01/2017 00:00:00 +00:00,1.00:01:00,1.04024,1.05404,1.03991,1.05251,0
05/01/2017 00:00:00 +00:00,1.00:01:00,1.05261,1.06151,1.04824,1.05802,0
06/01/2017 00:00:00 +00:00,16:59:00,1.05802,1.06214,1.05249,1.05306,0
09/01/2017 00:00:00 +00:00,1.00:01:00,1.05263,1.0627,1.05108,1.06091,0
11/01/2017 00:00:00 +00:00,1.00:00:00,1.05502,1.06228,1.04537,1.06017,0
12/01/2017 00:00:00 +00:00,1.00:00:00,1.05996,1.06847,1.05948,1.06145,0
16/01/2017 00:00:00 +00:00,23:56:00,1.06145,1.06432,1.05793,1.06404,0
17/01/2017 00:00:00 +00:00,1.00:01:00,1.06402,1.07197,1.064,1.06965,0
18/01/2017 00:00:00 +00:00,1.00:01:00,1.06977,1.07045,1.06219,1.06386,0
19/01/2017 00:00:00 +00:00,1.00:01:00,1.06405,1.06934,1.05892,1.06797,0
20/01/2017 00:00:00 +00:00,17:00:00,1.068,1.07094,1.0625,1.06988,0
23/01/2017 00:00:00 +00:00,1.00:01:00,1.07369,1.0773,1.0706,1.07507,0
24/01/2017 00:00:00 +00:00,23:59:00,1.07511,1.07747,1.07203,1.07282,0
25/01/2017 00:00:00 +00:00,1.00:01:00,1.07306,1.07697,1.07112,1.07574,0
26/01/2017 00:00:00 +00:00,1.00:00:00,1.07568,1.07605,1.06576,1.06745,0
30/01/2017 00:00:00 +00:00,23:59:00,1.07293,1.07318,1.06201,1.06964,0
31/01/2017 00:00:00 +00:00,1.00:00:00,1.06962,1.08121,1.06848,1.07893,0
02/02/2017 00:00:00 +00:00,1.00:01:00,1.07841,1.08287,1.07451,1.07577,0
03/02/2017 00:00:00 +00:00,17:00:00,1.07576,1.07976,1.07069,1.07825,0
06/02/2017 00:00:00 +00:00,1.00:00:00,1.07755,1.07783,1.07043,1.07104,0
07/02/2017 00:00:00 +00:00,1.00:00:00,1.07096,1.07137,1.0656,1.0677,0
08/02/2017 00:00:00 +00:00,1.00:00:00,1.06773,1.07137,1.06406,1.06888,0
10/02/2017 00:00:00 +00:00,17:00:00,1.06619,1.06635,1.06076,1.06386,0
13/02/2017 00:00:00 +00:00,23:59:00,1.06224,1.06582,1.05911,1.06109,0
03/01/2017 00:00:00 +00:00,1.00:00:00,1.04882,1.049,1.03406,1.04025,0
04/01/2017 00:00:00 +00:00,1.00:01:00,1.04024,1.05404,1.03991,1.05251,0
05/01/2017 00:00:00 +00:00,1.00:01:00,1.05261,1.06151,1.04824,1.05802,0
06/01/2017 00:00:00 +00:00,16:59:00,1.05802,1.06214,1.05249,1.05306,0
09/01/2017 00:00:00 +00:00,1.00:01:00,1.05263,1.0627,1.05108,1.06091,0
09/01/2017 00:00:00 +00:00,1.00:01:00,1.05263,1.0627,1.05108,1.06091,0
11/01/2017 00:00:00 +00:00,1.00:00:00,1.05502,1.06228,1.04537,1.06017,0
12/01/2017 00:00:00 +00:00,1.00:00:00,1.05996,1.06847,1.05948,1.06145,0
12/01/2017 00:00:00 +00:00,1.00:00:00,1.05996,1.06847,1.05948,1.06145,0
16/01/2017 00:00:00 +00:00,23:56:00,1.06145,1.06432,1.05793,1.06404,0
17/01/2017 00:00:00 +00:00,1.00:01:00,1.06402,1.07197,1.064,1.06965,0
18/01/2017 00:00:00 +00:00,1.00:01:00,1.06977,1.07045,1.06219,1.06386,0
19/01/2017 00:00:00 +00:00,1.00:01:00,1.06405,1.06934,1.05892,1.06797,0
20/01/2017 00:00:00 +00:00,17:00:00,1.068,1.07094,1.0625,1.06988,0
23/01/2017 00:00:00 +00:00,1.00:01:00,1.07369,1.0773,1.0706,1.07507,0
24/01/2017 00:00:00 +00:00,23:59:00,1.07511,1.07747,1.07203,1.07282,0
25/01/2017 00:00:00 +00:00,1.00:01:00,1.07306,1.07697,1.07112,1.07574,0
26/01/2017 00:00:00 +00:00,1.00:00:00,1.07568,1.07605,1.06576,1.06745,0
26/01/2017 00:00:00 +00:00,1.00:00:00,1.07568,1.07605,1.06576,1.06745,0
30/01/2017 00:00:00 +00:00,23:59:00,1.07293,1.07318,1.06201,1.06964,0
31/01/2017 00:00:00 +00:00,1.00:00:00,1.06962,1.08121,1.06848,1.07893,0
31/01/2017 00:00:00 +00:00,1.00:00:00,1.06962,1.08121,1.06848,1.07893,0
02/02/2017 00:00:00 +00:00,1.00:01:00,1.07841,1.08287,1.07451,1.07577,0
03/02/2017 00:00:00 +00:00,17:00:00,1.07576,1.07976,1.07069,1.07825,0
06/02/2017 00:00:00 +00:00,1.00:00:00,1.07755,1.07783,1.07043,1.07104,0
07/02/2017 00:00:00 +00:00,1.00:00:00,1.07096,1.07137,1.0656,1.0677,0
08/02/2017 00:00:00 +00:00,1.00:00:00,1.06773,1.07137,1.06406,1.06888,0
08/02/2017 00:00:00 +00:00,1.00:00:00,1.06773,1.07137,1.06406,1.06888,0
10/02/2017 00:00:00 +00:00,17:00:00,1.06619,1.06635,1.06076,1.06386,0
13/02/2017 00:00:00 +00:00,23:59:00,1.06224,1.06582,1.05911,1.06109,0
14/02/2017 00:00:00 +00:00,1.00:00:00,1.06108,1.06333,1.05607,1.05773,0
15/02/2017 00:00:00 +00:00,1.00:00:00,1.05763,1.06234,1.05213,1.06151,0
16/02/2017 00:00:00 +00:00,1.00:00:00,1.06151,1.06792,1.05998,1.06743,0
16/02/2017 00:00:00 +00:00,1.00:00:00,1.06151,1.06792,1.05998,1.06743,0
20/02/2017 00:00:00 +00:00,1.00:00:00,1.06183,1.06298,1.0577,1.05819,0
21/02/2017 00:00:00 +00:00,1.00:01:00,1.05814,1.05891,1.05256,1.05448,0
22/02/2017 00:00:00 +00:00,1.00:01:00,1.0545,1.05739,1.04937,1.05621,0
23/02/2017 00:00:00 +00:00,1.00:00:00,1.0562,1.05951,1.05375,1.05811,0
24/02/2017 00:00:00 +00:00,16:59:00,1.05809,1.06177,1.05563,1.05611,0
27/02/2017 00:00:00 +00:00,1.00:00:00,1.0566,1.06305,1.05631,1.05886,0
28/02/2017 00:00:00 +00:00,23:59:00,1.05884,1.063,1.05507,1.05529,0
01/03/2017 00:00:00 +00:00,1.00:01:00,1.05522,1.05716,1.05141,1.05324,0
02/03/2017 00:00:00 +00:00,1.00:00:00,1.05324,1.05455,1.04949,1.05203,0
03/03/2017 00:00:00 +00:00,16:59:00,1.05199,1.06238,1.05106,1.06205,0
06/03/2017 00:00:00 +00:00,23:59:00,1.06005,1.06398,1.05727,1.05816,0
07/03/2017 00:00:00 +00:00,1.00:00:00,1.05811,1.06025,1.05581,1.056,0
08/03/2017 00:00:00 +00:00,23:58:00,1.05611,1.05728,1.05287,1.05297,0
09/03/2017 00:00:00 +00:00,1.00:01:00,1.05308,1.06149,1.0525,1.05994,0
10/03/2017 00:00:00 +00:00,17:00:00,1.05966,1.06992,1.05879,1.06731,0
13/03/2017 00:00:00 +00:00,1.00:00:00,1.06972,1.07142,1.06448,1.06534,0
14/03/2017 00:00:00 +00:00,1.00:00:00,1.06539,1.06625,1.06,1.06152,0
15/03/2017 00:00:00 +00:00,23:59:00,1.06149,1.07461,1.06072,1.07212,0
16/03/2017 00:00:00 +00:00,1.00:00:00,1.07213,1.07744,1.07056,1.07721,0
17/03/2017 00:00:00 +00:00,16:59:00,1.07726,1.07824,1.07274,1.07374,0
20/03/2017 00:00:00 +00:00,1.00:00:00,1.07596,1.07773,1.0719,1.07575,0
21/03/2017 00:00:00 +00:00,1.00:01:00,1.07556,1.08191,1.07544,1.07939,0
22/03/2017 00:00:00 +00:00,23:58:00,1.07935,1.08247,1.07758,1.07897,0
23/03/2017 00:00:00 +00:00,23:59:00,1.07889,1.08048,1.07601,1.07684,0
24/03/2017 00:00:00 +00:00,17:00:00,1.07682,1.08178,1.07609,1.0798,0
27/03/2017 00:00:00 +01:00,23:57:00,1.08446,1.09061,1.08423,1.08591,0
28/03/2017 00:00:00 +01:00,1.00:00:00,1.08599,1.08725,1.0799,1.08185,0
29/03/2017 00:00:00 +01:00,1.00:00:00,1.08197,1.08197,1.07397,1.07457,0
30/03/2017 00:00:00 +01:00,1.00:00:00,1.07458,1.07678,1.06717,1.068,0
31/03/2017 00:00:00 +01:00,17:59:00,1.06794,1.07016,1.065,1.06522,0
03/04/2017 00:00:00 +01:00,23:57:00,1.06786,1.06808,1.06421,1.06638,0
04/04/2017 00:00:00 +01:00,1.00:01:00,1.0664,1.06851,1.06356,1.06771,0
05/04/2017 00:00:00 +01:00,23:58:00,1.06774,1.06889,1.06349,1.06735,0
06/04/2017 00:00:00 +01:00,23:59:00,1.06743,1.06804,1.06289,1.06434,0
07/04/2017 00:00:00 +01:00,18:00:00,1.06441,1.06662,1.05805,1.05821,0
10/04/2017 00:00:00 +01:00,23:58:00,1.05758,1.06066,1.05697,1.05861,0
11/04/2017 00:00:00 +01:00,23:58:00,1.0585,1.063,1.05785,1.0598,0
12/04/2017 00:00:00 +01:00,1.00:01:00,1.06006,1.0677,1.05887,1.06713,0
13/04/2017 00:00:00 +01:00,23:58:00,1.0673,1.06776,1.0609,1.06159,0
14/04/2017 00:00:00 +01:00,17:54:00,1.06142,1.06294,1.06055,1.06104,0
17/04/2017 00:00:00 +01:00,23:58:00,1.06225,1.06705,1.0615,1.06506,0
18/04/2017 00:00:00 +01:00,1.00:01:00,1.06509,1.07358,1.06411,1.07205,0
19/04/2017 00:00:00 +01:00,23:59:00,1.07204,1.07367,1.07,1.07151,0
20/04/2017 00:00:00 +01:00,23:57:00,1.07153,1.07773,1.07068,1.07142,0
21/04/2017 00:00:00 +01:00,17:58:00,1.07141,1.07379,1.06821,1.07238,0
24/04/2017 00:00:00 +01:00,1.00:00:00,1.08381,1.08775,1.08319,1.08606,0
25/04/2017 00:00:00 +01:00,1.00:01:00,1.08617,1.095,1.08569,1.09387,0
26/04/2017 00:00:00 +01:00,1.00:01:00,1.09388,1.09507,1.08558,1.09114,0
27/04/2017 00:00:00 +01:00,23:56:00,1.09103,1.09328,1.08517,1.08678,0
28/04/2017 00:00:00 +01:00,17:58:00,1.08682,1.09472,1.08569,1.08926,0
28/04/2017 00:00:00 +01:00,17:58:00,1.08682,1.09472,1.08569,1.08926,0
28/04/2017 00:00:00 +01:00,17:58:00,1.08682,1.09472,1.08569,1.08926,0
28/04/2017 00:00:00 +01:00,17:58:00,1.08682,1.09472,1.08569,1.08926,0
04/05/2017 00:00:00 +01:00,1.00:00:00,1.08917,1.0987,1.08748,1.098,0
05/05/2017 00:00:00 +01:00,18:00:00,1.0978,1.09997,1.09445,1.09985,0
08/05/2017 00:00:00 +01:00,1.00:00:00,1.0975,1.09965,1.09162,1.0927,0
09/05/2017 00:00:00 +01:00,1.00:00:00,1.09269,1.09334,1.08634,1.08939,0
10/05/2017 00:00:00 +01:00,1.00:00:00,1.08927,1.08978,1.08532,1.08771,0
11/05/2017 00:00:00 +01:00,23:58:00,1.08774,1.08929,1.08391,1.08713,0
12/05/2017 00:00:00 +01:00,17:57:00,1.08716,1.09341,1.08556,1.09292,0
15/05/2017 00:00:00 +01:00,23:58:00,1.09272,1.09898,1.09259,1.09878,0
16/05/2017 00:00:00 +01:00,1.00:01:00,1.09881,1.11136,1.09864,1.11101,0
17/05/2017 00:00:00 +01:00,1.00:01:00,1.11095,1.11717,1.10815,1.11563,0
18/05/2017 00:00:00 +01:00,1.00:00:00,1.11558,1.11618,1.10757,1.11034,0
19/05/2017 00:00:00 +01:00,17:59:00,1.11023,1.12119,1.11021,1.12063,0
22/05/2017 00:00:00 +01:00,1.00:00:00,1.11916,1.12633,1.11614,1.12513,0
23/05/2017 00:00:00 +01:00,23:58:00,1.12511,1.12682,1.11751,1.11852,0
24/05/2017 00:00:00 +01:00,1.00:00:00,1.11852,1.12399,1.11684,1.12383,0
25/05/2017 00:00:00 +01:00,23:59:00,1.12389,1.12502,1.11847,1.11991,0
26/05/2017 00:00:00 +01:00,17:59:00,1.11991,1.12344,1.11605,1.11809,0
29/05/2017 00:00:00 +01:00,23:54:00,1.11638,1.11898,1.11219,1.11285,0
30/05/2017 00:00:00 +01:00,23:59:00,1.11292,1.1205,1.11096,1.11736,0
31/05/2017 00:00:00 +01:00,1.00:00:00,1.11755,1.12565,1.11645,1.1242,0
31/05/2017 00:00:00 +01:00,1.00:00:00,1.11755,1.12565,1.11645,1.1242,0
02/06/2017 00:00:00 +01:00,17:55:00,1.12166,1.1285,1.12049,1.12809,0
02/06/2017 00:00:00 +01:00,17:55:00,1.12166,1.1285,1.12049,1.12809,0
02/06/2017 00:00:00 +01:00,17:55:00,1.12166,1.1285,1.12049,1.12809,0
07/06/2017 00:00:00 +01:00,1.00:00:00,1.1265,1.12821,1.12039,1.12605,0
08/06/2017 00:00:00 +01:00,23:59:00,1.1261,1.12689,1.11792,1.11951,0
09/06/2017 00:00:00 +01:00,18:00:00,1.11956,1.12156,1.11663,1.11941,0
12/06/2017 00:00:00 +01:00,23:58:00,1.12102,1.1232,1.11898,1.11948,0
13/06/2017 00:00:00 +01:00,23:57:00,1.11961,1.12249,1.11852,1.12125,0
14/06/2017 00:00:00 +01:00,1.00:01:00,1.12121,1.12957,1.11931,1.12171,0
15/06/2017 00:00:00 +01:00,1.00:00:00,1.12164,1.12242,1.11319,1.1149,0
15/06/2017 00:00:00 +01:00,1.00:00:00,1.12164,1.12242,1.11319,1.1149,0
15/06/2017 00:00:00 +01:00,1.00:00:00,1.12164,1.12242,1.11319,1.1149,0
20/06/2017 00:00:00 +01:00,1.00:00:00,1.11561,1.11649,1.11187,1.11344,0
21/06/2017 00:00:00 +01:00,23:57:00,1.11343,1.11713,1.11274,1.11686,0
22/06/2017 00:00:00 +01:00,23:53:00,1.11675,1.11779,1.11393,1.11584,0
23/06/2017 00:00:00 +01:00,17:57:00,1.11584,1.12088,1.11575,1.11926,0
26/06/2017 00:00:00 +01:00,23:59:00,1.11949,1.12198,1.11717,1.1187,0
27/06/2017 00:00:00 +01:00,23:59:00,1.11874,1.13554,1.11821,1.13499,0
28/06/2017 00:00:00 +01:00,1.00:01:00,1.13515,1.14192,1.12914,1.14054,0
29/06/2017 00:00:00 +01:00,1.00:00:00,1.14052,1.14453,1.1388,1.14385,0
29/06/2017 00:00:00 +01:00,1.00:00:00,1.14052,1.14453,1.1388,1.14385,0
03/07/2017 00:00:00 +01:00,23:59:00,1.14137,1.14166,1.13551,1.13659,0
04/07/2017 00:00:00 +01:00,23:56:00,1.13661,1.13743,1.13363,1.13615,0
05/07/2017 00:00:00 +01:00,1.00:00:00,1.13627,1.13681,1.13122,1.13374,0
06/07/2017 00:00:00 +01:00,23:59:00,1.13375,1.14255,1.13308,1.14136,0
07/07/2017 00:00:00 +01:00,18:00:00,1.14137,1.14399,1.13796,1.13982,0
07/07/2017 00:00:00 +01:00,18:00:00,1.14137,1.14399,1.13796,1.13982,0
11/07/2017 00:00:00 +01:00,1.00:00:00,1.13932,1.14838,1.13827,1.1481,0
12/07/2017 00:00:00 +01:00,23:59:00,1.14815,1.14893,1.13916,1.14375,0
13/07/2017 00:00:00 +01:00,23:59:00,1.1437,1.14559,1.13705,1.14086,0
14/07/2017 00:00:00 +01:00,17:58:00,1.14079,1.14716,1.14006,1.14681,0
17/07/2017 00:00:00 +01:00,1.00:00:00,1.14609,1.15377,1.14346,1.15282,0
18/07/2017 00:00:00 +01:00,23:59:00,1.15289,1.15831,1.15111,1.15385,0
19/07/2017 00:00:00 +01:00,23:59:00,1.15389,1.15475,1.15099,1.15255,0
20/07/2017 00:00:00 +01:00,1.00:00:00,1.15235,1.16579,1.14791,1.16254,0
21/07/2017 00:00:00 +01:00,17:59:00,1.16247,1.16829,1.16233,1.16597,0
21/07/2017 00:00:00 +01:00,17:59:00,1.16247,1.16829,1.16233,1.16597,0
25/07/2017 00:00:00 +01:00,23:58:00,1.16535,1.1712,1.16378,1.16523,0
26/07/2017 00:00:00 +01:00,1.00:01:00,1.16522,1.17474,1.16129,1.17451,0
27/07/2017 00:00:00 +01:00,23:59:00,1.17457,1.17765,1.165,1.16914,0
27/07/2017 00:00:00 +01:00,23:59:00,1.17457,1.17765,1.165,1.16914,0
31/07/2017 00:00:00 +01:00,1.00:01:00,1.17353,1.18455,1.1723,1.18265,0
31/07/2017 00:00:00 +01:00,1.00:01:00,1.17353,1.18455,1.1723,1.18265,0
02/08/2017 00:00:00 +01:00,23:58:00,1.18081,1.19101,1.18035,1.18439,0
02/08/2017 00:00:00 +01:00,23:58:00,1.18081,1.19101,1.18035,1.18439,0
04/08/2017 00:00:00 +01:00,17:59:00,1.18747,1.1889,1.17281,1.17716,0
04/08/2017 00:00:00 +01:00,17:59:00,1.18747,1.1889,1.17281,1.17716,0
08/08/2017 00:00:00 +01:00,1.00:01:00,1.18129,1.18181,1.17151,1.17331,0
09/08/2017 00:00:00 +01:00,1.00:00:00,1.17341,1.17697,1.16888,1.17469,0
10/08/2017 00:00:00 +01:00,23:58:00,1.17485,1.17848,1.1704,1.17675,0
11/08/2017 00:00:00 +01:00,18:00:00,1.17686,1.18468,1.17486,1.18197,0
11/08/2017 00:00:00 +01:00,18:00:00,1.17686,1.18468,1.17486,1.18197,0
15/08/2017 00:00:00 +01:00,1.00:00:00,1.17826,1.17859,1.16871,1.17359,0
16/08/2017 00:00:00 +01:00,23:59:00,1.17361,1.17897,1.16816,1.17824,0
17/08/2017 00:00:00 +01:00,1.00:01:00,1.17823,1.17895,1.1662,1.17306,0
17/08/2017 00:00:00 +01:00,1.00:01:00,1.17823,1.17895,1.1662,1.17306,0
21/08/2017 00:00:00 +01:00,23:59:00,1.17596,1.18279,1.17312,1.18055,0
21/08/2017 00:00:00 +01:00,23:59:00,1.17596,1.18279,1.17312,1.18055,0
21/08/2017 00:00:00 +01:00,23:59:00,1.17596,1.18279,1.17312,1.18055,0
21/08/2017 00:00:00 +01:00,23:59:00,1.17596,1.18279,1.17312,1.18055,0
25/08/2017 00:00:00 +01:00,18:00:00,1.17942,1.19413,1.17733,1.19213,0
28/08/2017 00:00:00 +01:00,1.00:00:00,1.19253,1.19856,1.19169,1.19694,0
29/08/2017 00:00:00 +01:00,1.00:01:00,1.19695,1.207,1.19459,1.19758,0
30/08/2017 00:00:00 +01:00,1.00:01:00,1.19764,1.19842,1.18712,1.1878,0
31/08/2017 00:00:00 +01:00,1.00:00:00,1.18775,1.19226,1.1823,1.19051,0
01/09/2017 00:00:00 +01:00,17:57:00,1.19051,1.19795,1.18496,1.18602,0
01/09/2017 00:00:00 +01:00,17:57:00,1.19051,1.19795,1.18496,1.18602,0
01/09/2017 00:00:00 +01:00,17:57:00,1.19051,1.19795,1.18496,1.18602,0
01/09/2017 00:00:00 +01:00,17:57:00,1.19051,1.19795,1.18496,1.18602,0
07/09/2017 00:00:00 +01:00,23:59:00,1.19254,1.20892,1.19139,1.20723,0
08/09/2017 00:00:00 +01:00,17:59:00,1.2071,1.2092,1.20145,1.20333,0
11/09/2017 00:00:00 +01:00,23:59:00,1.20168,1.20294,1.19457,1.19613,0
12/09/2017 00:00:00 +01:00,23:53:00,1.1961,1.19927,1.19262,1.19844,0
13/09/2017 00:00:00 +01:00,23:58:00,1.19848,1.19946,1.18704,1.18775,0
14/09/2017 00:00:00 +01:00,1.00:01:00,1.18756,1.19237,1.18379,1.19142,0
15/09/2017 00:00:00 +01:00,18:00:00,1.1915,1.1987,1.19042,1.19427,0
15/09/2017 00:00:00 +01:00,18:00:00,1.1915,1.1987,1.19042,1.19427,0
19/09/2017 00:00:00 +01:00,23:59:00,1.19661,1.20194,1.19541,1.20077,0
20/09/2017 00:00:00 +01:00,1.00:00:00,1.20073,1.20329,1.18612,1.18826,0
20/09/2017 00:00:00 +01:00,1.00:00:00,1.20073,1.20329,1.18612,1.18826,0
20/09/2017 00:00:00 +01:00,1.00:00:00,1.20073,1.20329,1.18612,1.18826,0
25/09/2017 00:00:00 +01:00,1.00:01:00,1.1931,1.19364,1.18321,1.18573,0
26/09/2017 00:00:00 +01:00,23:59:00,1.18577,1.18614,1.17572,1.17881,0
27/09/2017 00:00:00 +01:00,23:59:00,1.17885,1.17922,1.1717,1.17402,0
28/09/2017 00:00:00 +01:00,1.00:00:00,1.17398,1.1804,1.17211,1.17769,0
29/09/2017 00:00:00 +01:00,17:58:00,1.17758,1.18323,1.17724,1.18121,0
02/10/2017 00:00:00 +01:00,23:59:00,1.17757,1.178,1.17018,1.17119,0
03/10/2017 00:00:00 +01:00,23:59:00,1.17121,1.17797,1.16959,1.1768,0
04/10/2017 00:00:00 +01:00,23:59:00,1.17677,1.17875,1.17464,1.1757,0
05/10/2017 00:00:00 +01:00,23:58:00,1.17574,1.17787,1.1699,1.17074,0
06/10/2017 00:00:00 +01:00,18:00:00,1.17081,1.17386,1.16691,1.17281,0
09/10/2017 00:00:00 +01:00,23:49:00,1.17411,1.1782,1.17195,1.17712,0
10/10/2017 00:00:00 +01:00,1.00:00:00,1.17718,1.18274,1.17623,1.18025,0
11/10/2017 00:00:00 +01:00,23:59:00,1.18022,1.18758,1.18001,1.18738,0
12/10/2017 00:00:00 +01:00,1.00:00:00,1.18739,1.18796,1.18249,1.18496,0
13/10/2017 00:00:00 +01:00,18:00:00,1.18489,1.18746,1.18052,1.18189,0
16/10/2017 00:00:00 +01:00,23:56:00,1.18076,1.18196,1.17748,1.17832,0
17/10/2017 00:00:00 +01:00,23:55:00,1.17831,1.17839,1.17359,1.17716,0
18/10/2017 00:00:00 +01:00,23:58:00,1.17723,1.18164,1.17301,1.1797,0
19/10/2017 00:00:00 +01:00,23:59:00,1.17984,1.18579,1.17679,1.18078,0
20/10/2017 00:00:00 +01:00,17:59:00,1.18095,1.18261,1.17624,1.17837,0
23/10/2017 00:00:00 +01:00,23:52:00,1.17687,1.17773,1.17249,1.17616,0
24/10/2017 00:00:00 +01:00,23:53:00,1.17608,1.17926,1.17427,1.176,0
25/10/2017 00:00:00 +01:00,23:52:00,1.17597,1.18326,1.17534,1.1824,0
26/10/2017 00:00:00 +01:00,23:59:00,1.18239,1.18366,1.16244,1.16352,0
27/10/2017 00:00:00 +01:00,17:58:00,1.16358,1.16437,1.15743,1.16059,0
30/10/2017 00:00:00 +00:00,23:55:00,1.16142,1.16577,1.16014,1.16355,0
31/10/2017 00:00:00 +00:00,23:58:00,1.16366,1.16612,1.1625,1.16308,0
01/11/2017 00:00:00 +00:00,1.00:01:00,1.16314,1.16717,1.16062,1.16559,0
02/11/2017 00:00:00 +00:00,23:58:00,1.16556,1.16872,1.16258,1.16576,0
03/11/2017 00:00:00 +00:00,16:56:00,1.16576,1.16902,1.1599,1.16055,0
06/11/2017 00:00:00 +00:00,23:55:00,1.16094,1.16167,1.15802,1.16069,0
07/11/2017 00:00:00 +00:00,23:59:00,1.16075,1.16104,1.15541,1.15985,0
08/11/2017 00:00:00 +00:00,23:57:00,1.15984,1.1611,1.1579,1.15964,0
09/11/2017 00:00:00 +00:00,23:58:00,1.15963,1.16546,1.15897,1.16433,0
10/11/2017 00:00:00 +00:00,16:58:00,1.16441,1.16777,1.16228,1.16624,0
10/11/2017 00:00:00 +00:00,16:58:00,1.16441,1.16777,1.16228,1.16624,0
14/11/2017 00:00:00 +00:00,23:59:00,1.16724,1.18048,1.1665,1.1792,0
15/11/2017 00:00:00 +00:00,1.00:00:00,1.17923,1.18606,1.17679,1.17763,0
16/11/2017 00:00:00 +00:00,23:55:00,1.17772,1.18216,1.1757,1.18045,0
16/11/2017 00:00:00 +00:00,23:55:00,1.17772,1.18216,1.1757,1.18045,0
20/11/2017 00:00:00 +00:00,23:54:00,1.17287,1.18086,1.17279,1.17383,0
21/11/2017 00:00:00 +00:00,23:54:00,1.17387,1.17575,1.1713,1.1741,0
22/11/2017 00:00:00 +00:00,23:57:00,1.17414,1.18379,1.17355,1.18354,0
23/11/2017 00:00:00 +00:00,23:52:00,1.18346,1.18588,1.18237,1.18522,0
24/11/2017 00:00:00 +00:00,16:55:00,1.18523,1.19441,1.18369,1.19304,0
27/11/2017 00:00:00 +00:00,23:56:00,1.19236,1.19611,1.18902,1.19035,0
28/11/2017 00:00:00 +00:00,1.00:01:00,1.19044,1.19199,1.18269,1.18501,0
29/11/2017 00:00:00 +00:00,23:59:00,1.18504,1.18827,1.18168,1.18621,0
30/11/2017 00:00:00 +00:00,23:59:00,1.1862,1.19313,1.18088,1.19111,0
01/12/2017 00:00:00 +00:00,17:00:00,1.1911,1.19402,1.18508,1.1894,0
04/12/2017 00:00:00 +00:00,1.00:00:00,1.18706,1.18785,1.18291,1.18701,0
05/12/2017 00:00:00 +00:00,1.00:00:00,1.18694,1.18764,1.18007,1.18387,0
06/12/2017 00:00:00 +00:00,1.00:00:00,1.18387,1.18449,1.17805,1.17983,0
07/12/2017 00:00:00 +00:00,1.00:00:00,1.17977,1.18145,1.17609,1.17616,0
03/01/2017 00:00:00 +00:00,1.00:00:00,1.04882,1.049,1.03406,1.04025,0
04/01/2017 00:00:00 +00:00,1.00:01:00,1.04024,1.05404,1.03991,1.05251,0
05/01/2017 00:00:00 +00:00,1.00:01:00,1.05261,1.06151,1.04824,1.05802,0
06/01/2017 00:00:00 +00:00,16:59:00,1.05802,1.06214,1.05249,1.05306,0
09/01/2017 00:00:00 +00:00,1.00:01:00,1.05263,1.0627,1.05108,1.06091,0
09/01/2017 00:00:00 +00:00,1.00:01:00,1.05263,1.0627,1.05108,1.06091,0
11/01/2017 00:00:00 +00:00,1.00:00:00,1.05502,1.06228,1.04537,1.06017,0
12/01/2017 00:00:00 +00:00,1.00:00:00,1.05996,1.06847,1.05948,1.06145,0
12/01/2017 00:00:00 +00:00,1.00:00:00,1.05996,1.06847,1.05948,1.06145,0
16/01/2017 00:00:00 +00:00,23:56:00,1.06145,1.06432,1.05793,1.06404,0
17/01/2017 00:00:00 +00:00,1.00:01:00,1.06402,1.07197,1.064,1.06965,0
18/01/2017 00:00:00 +00:00,1.00:01:00,1.06977,1.07045,1.06219,1.06386,0
03/01/2017 00:00:00 +00:00,1.00:00:00,1.04882,1.049,1.03406,1.04025,0
04/01/2017 00:00:00 +00:00,1.00:01:00,1.04024,1.05404,1.03991,1.05251,0
05/01/2017 00:00:00 +00:00,1.00:01:00,1.05261,1.06151,1.04824,1.05802,0
06/01/2017 00:00:00 +00:00,16:59:00,1.05802,1.06214,1.05249,1.05306,0
09/01/2017 00:00:00 +00:00,1.00:01:00,1.05263,1.0627,1.05108,1.06091,0
09/01/2017 00:00:00 +00:00,1.00:01:00,1.05263,1.0627,1.05108,1.06091,0
11/01/2017 00:00:00 +00:00,1.00:00:00,1.05502,1.06228,1.04537,1.06017,0
12/01/2017 00:00:00 +00:00,1.00:00:00,1.05996,1.06847,1.05948,1.06145,0
12/01/2017 00:00:00 +00:00,1.00:00:00,1.05996,1.06847,1.05948,1.06145,0
